Variable,Bin id,Bin,Count,Count (%),Non-event,Event,Event rate,WoE,IV,JS,Coefficient,Points
NAME_CONTRACT_TYPE,0,['Revolving loans'],23518,0.096,22243,1275,0.054,0.427,0.015,0.002,-0.637,-8.416
NAME_CONTRACT_TYPE,1,['Cash loans'],222490,0.904,203889,18601,0.084,-0.037,0.001,0.0,-0.637,6.996
NAME_CONTRACT_TYPE,2,Special,0,0.0,0,0,0.0,0.0,0.0,0.0,-0.637,5.761
NAME_CONTRACT_TYPE,3,Missing,0,0.0,0,0,0.0,0.0,0.0,0.0,-0.637,5.761
CODE_GENDER,0,['XNA' 'F'],161858,0.658,150524,11334,0.07,0.155,0.015,0.002,-0.708,0.061
CODE_GENDER,1,['M'],84150,0.342,75608,8542,0.102,-0.251,0.024,0.003,-0.708,15.01
CODE_GENDER,2,Special,0,0.0,0,0,0.0,0.0,0.0,0.0,-0.708,5.761
CODE_GENDER,3,Missing,0,0.0,0,0,0.0,0.0,0.0,0.0,-0.708,5.761
FLAG_OWN_CAR,0,['Y'],83825,0.341,77789,6036,0.072,0.125,0.005,0.001,-1.13,-1.573
FLAG_OWN_CAR,1,['N'],162183,0.659,148343,13840,0.085,-0.06,0.002,0.0,-1.13,9.27
FLAG_OWN_CAR,2,Special,0,0.0,0,0,0.0,0.0,0.0,0.0,-1.13,5.761
FLAG_OWN_CAR,3,Missing,0,0.0,0,0,0.0,0.0,0.0,0.0,-1.13,5.761
CNT_CHILDREN,0,"(-inf, 0.50)",172332,0.701,159046,13286,0.077,0.051,0.002,0.0,-0.495,4.449
CNT_CHILDREN,1,"[0.50, 1.50)",48929,0.199,44547,4382,0.09,-0.113,0.003,0.0,-0.495,8.664
CNT_CHILDREN,2,"[1.50, inf)",24747,0.101,22539,2208,0.089,-0.108,0.001,0.0,-0.495,8.558
CNT_CHILDREN,3,Special,0,0.0,0,0,0.0,0.0,0.0,0.0,-0.495,5.761
CNT_CHILDREN,4,Missing,0,0.0,0,0,0.0,0.0,0.0,0.0,-0.495,5.761
AMT_INCOME_TOTAL,0,"(-inf, 76477.50)",19083,0.078,17592,1491,0.078,0.036,0.0,0.0,0.207,6.154
AMT_INCOME_TOTAL,1,"[76477.50, 98977.50)",28931,0.118,26505,2426,0.084,-0.041,0.0,0.0,0.207,5.324
AMT_INCOME_TOTAL,2,"[98977.50, 139484.25)",71608,0.291,65477,6131,0.086,-0.063,0.001,0.0,0.207,5.078
AMT_INCOME_TOTAL,3,"[139484.25, 160814.25)",26880,0.109,24502,2378,0.088,-0.099,0.001,0.0,0.207,4.692
AMT_INCOME_TOTAL,4,"[160814.25, 185517.00)",26400,0.107,24168,2232,0.085,-0.049,0.0,0.0,0.207,5.227
AMT_INCOME_TOTAL,5,"[185517.00, 223456.50)",18734,0.076,17229,1505,0.08,0.006,0.0,0.0,0.207,5.828
AMT_INCOME_TOTAL,6,"[223456.50, 229601.25)",16855,0.069,15587,1268,0.075,0.077,0.0,0.0,0.207,6.596
AMT_INCOME_TOTAL,7,"[229601.25, 313875.00)",19772,0.08,18382,1390,0.07,0.15,0.002,0.0,0.207,7.384
AMT_INCOME_TOTAL,8,"[313875.00, inf)",17745,0.072,16690,1055,0.059,0.33,0.007,0.001,0.207,9.317
AMT_INCOME_TOTAL,9,Special,0,0.0,0,0,0.0,0.0,0.0,0.0,0.207,5.761
AMT_INCOME_TOTAL,10,Missing,0,0.0,0,0,0.0,0.0,0.0,0.0,0.207,5.761
AMT_CREDIT,0,"(-inf, 158105.25)",17258,0.07,16212,1046,0.061,0.309,0.006,0.001,0.252,9.813
AMT_CREDIT,1,"[158105.25, 281884.50)",48163,0.196,44464,3699,0.077,0.055,0.001,0.0,0.252,6.482
AMT_CREDIT,2,"[281884.50, 337630.50)",17670,0.072,15983,1687,0.095,-0.183,0.003,0.0,0.252,3.362
AMT_CREDIT,3,"[337630.50, 406309.50)",12535,0.051,11267,1268,0.101,-0.247,0.003,0.0,0.252,2.522
AMT_CREDIT,4,"[406309.50, 452565.00)",13024,0.053,11473,1551,0.119,-0.431,0.012,0.001,0.252,0.119
AMT_CREDIT,5,"[452565.00, 640269.00)",44192,0.18,39809,4383,0.099,-0.225,0.01,0.001,0.252,2.809
AMT_CREDIT,6,"[640269.00, 899163.00)",40790,0.166,37647,3143,0.077,0.051,0.0,0.0,0.252,6.435
AMT_CREDIT,7,"[899163.00, 1102749.75)",23040,0.094,21472,1568,0.068,0.185,0.003,0.0,0.252,8.19
AMT_CREDIT,8,"[1102749.75, 1345173.75)",16002,0.065,15045,957,0.06,0.323,0.006,0.001,0.252,9.999
AMT_CREDIT,9,"[1345173.75, inf)",13334,0.054,12760,574,0.043,0.67,0.018,0.002,0.252,14.539
AMT_CREDIT,10,Special,0,0.0,0,0,0.0,0.0,0.0,0.0,0.252,5.761
AMT_CREDIT,11,Missing,0,0.0,0,0,0.0,0.0,0.0,0.0,0.252,5.761
AMT_ANNUITY,0,"(-inf, 13558.50)",42773,0.174,39894,2879,0.067,0.197,0.006,0.001,-0.347,2.194
AMT_ANNUITY,1,"[13558.50, 16409.25)",17722,0.072,16367,1355,0.076,0.06,0.0,0.0,-0.347,4.678
AMT_ANNUITY,2,"[16409.25, 26507.25)",76303,0.31,69635,6668,0.087,-0.086,0.002,0.0,-0.347,7.31
AMT_ANNUITY,3,"[26507.25, 29837.25)",20505,0.083,18558,1947,0.095,-0.177,0.003,0.0,-0.347,8.962
AMT_ANNUITY,4,"[29837.25, 31637.25)",12440,0.051,11027,1413,0.114,-0.377,0.008,0.001,-0.347,12.58
AMT_ANNUITY,5,"[31637.25, 35997.75)",20409,0.083,18627,1782,0.087,-0.085,0.001,0.0,-0.347,7.294
AMT_ANNUITY,6,"[35997.75, 41636.25)",20497,0.083,18834,1663,0.081,-0.005,0.0,0.0,-0.347,5.844
AMT_ANNUITY,7,"[41636.25, 46721.25)",12334,0.05,11469,865,0.07,0.153,0.001,0.0,-0.347,2.992
AMT_ANNUITY,8,"[46721.25, inf)",23015,0.094,21711,1304,0.057,0.381,0.012,0.001,-0.347,-1.127
AMT_ANNUITY,9,Special,0,0.0,0,0,0.0,0.0,0.0,0.0,-0.347,5.761
AMT_ANNUITY,10,Missing,10,0.0,10,0,0.0,0.0,0.0,0.0,-0.347,5.761
AMT_GOODS_PRICE,0,"(-inf, 160546.50)",22099,0.09,20624,1475,0.067,0.206,0.004,0.0,-0.681,-1.548
AMT_GOODS_PRICE,1,"[160546.50, 210012.75)",14139,0.057,12964,1175,0.083,-0.031,0.0,0.0,-0.681,6.849
AMT_GOODS_PRICE,2,"[210012.75, 282676.50)",44216,0.18,40467,3749,0.085,-0.053,0.001,0.0,-0.681,7.626
AMT_GOODS_PRICE,3,"[282676.50, 413955.00)",22837,0.093,20476,2361,0.103,-0.271,0.008,0.001,-0.681,15.382
AMT_GOODS_PRICE,4,"[413955.00, 451660.50)",22936,0.093,19736,3200,0.14,-0.612,0.045,0.006,-0.681,27.465
AMT_GOODS_PRICE,5,"[451660.50, 677889.00)",55075,0.224,50790,4285,0.078,0.041,0.0,0.0,-0.681,4.309
AMT_GOODS_PRICE,6,"[677889.00, 900045.00)",30738,0.125,28851,1887,0.061,0.296,0.01,0.001,-0.681,-4.715
AMT_GOODS_PRICE,7,"[900045.00, 1212750.00)",19912,0.081,18782,1130,0.057,0.379,0.01,0.001,-0.681,-7.676
AMT_GOODS_PRICE,8,"[1212750.00, inf)",13832,0.056,13235,597,0.043,0.667,0.019,0.002,-0.681,-17.885
AMT_GOODS_PRICE,9,Special,0,0.0,0,0,0.0,0.0,0.0,0.0,-0.681,5.761
AMT_GOODS_PRICE,10,Missing,224,0.001,207,17,0.076,0.068,0.0,0.0,-0.681,5.761
NAME_INCOME_TYPE,0,['Businessman' 'Student' 'Pensioner'],44338,0.18,41940,2398,0.054,0.43,0.028,0.003,-0.188,1.54
NAME_INCOME_TYPE,1,['State servant'],17381,0.071,16367,1014,0.058,0.35,0.007,0.001,-0.188,2.328
NAME_INCOME_TYPE,2,['Commercial associate'],57339,0.233,53000,4339,0.076,0.071,0.001,0.0,-0.188,5.064
NAME_INCOME_TYPE,3,['Working' 'Unemployed' 'Maternity leave'],126950,0.516,114825,12125,0.096,-0.183,0.019,0.002,-0.188,7.562
NAME_INCOME_TYPE,4,Special,0,0.0,0,0,0.0,0.0,0.0,0.0,-0.188,5.761
NAME_INCOME_TYPE,5,Missing,0,0.0,0,0,0.0,0.0,0.0,0.0,-0.188,5.761
NAME_EDUCATION_TYPE,0,['Academic degree' 'Higher education'],60190,0.245,56944,3246,0.054,0.433,0.038,0.005,-0.444,-4.26
NAME_EDUCATION_TYPE,1,['Incomplete higher' 'Secondary / secondary special' 'Lower secondary'],185818,0.755,169188,16630,0.089,-0.112,0.01,0.001,-0.444,8.348
NAME_EDUCATION_TYPE,2,Special,0,0.0,0,0,0.0,0.0,0.0,0.0,-0.444,5.761
NAME_EDUCATION_TYPE,3,Missing,0,0.0,0,0,0.0,0.0,0.0,0.0,-0.444,5.761
NAME_FAMILY_STATUS,0,['Unknown' 'Widow'],12771,0.052,12037,734,0.057,0.366,0.006,0.001,-0.288,0.271
NAME_FAMILY_STATUS,1,['Married'],157320,0.639,145407,11913,0.076,0.07,0.003,0.0,-0.288,4.705
NAME_FAMILY_STATUS,2,['Separated'],15805,0.064,14504,1301,0.082,-0.02,0.0,0.0,-0.288,6.066
NAME_FAMILY_STATUS,3,['Single / not married'],36270,0.147,32714,3556,0.098,-0.212,0.007,0.001,-0.288,8.95
NAME_FAMILY_STATUS,4,['Civil marriage'],23842,0.097,21470,2372,0.099,-0.229,0.006,0.001,-0.288,9.194
NAME_FAMILY_STATUS,5,Special,0,0.0,0,0,0.0,0.0,0.0,0.0,-0.288,5.761
NAME_FAMILY_STATUS,6,Missing,0,0.0,0,0,0.0,0.0,0.0,0.0,-0.288,5.761
NAME_HOUSING_TYPE,0,"['Office apartment' 'House / apartment' 'Co-op apartment'
 'Municipal apartment']",230254,0.936,212227,18027,0.078,0.034,0.001,0.0,0.037,5.827
NAME_HOUSING_TYPE,1,['With parents' 'Rented apartment'],15754,0.064,13905,1849,0.117,-0.414,0.013,0.002,0.037,4.963
NAME_HOUSING_TYPE,2,Special,0,0.0,0,0,0.0,0.0,0.0,0.0,0.037,5.761
NAME_HOUSING_TYPE,3,Missing,0,0.0,0,0,0.0,0.0,0.0,0.0,0.037,5.761
REGION_POPULATION_RELATIVE,0,"(-inf, 0.01)",83849,0.341,76780,7069,0.084,-0.046,0.001,0.0,-0.016,5.8
REGION_POPULATION_RELATIVE,1,"[0.01, 0.02)",15570,0.063,14220,1350,0.087,-0.077,0.0,0.0,-0.016,5.826
REGION_POPULATION_RELATIVE,2,"[0.02, 0.02)",20187,0.082,18092,2095,0.104,-0.276,0.007,0.001,-0.016,5.994
REGION_POPULATION_RELATIVE,3,"[0.02, 0.02)",30313,0.123,27628,2685,0.089,-0.1,0.001,0.0,-0.016,5.846
REGION_POPULATION_RELATIVE,4,"[0.02, 0.03)",60160,0.245,55450,4710,0.078,0.034,0.0,0.0,-0.016,5.732
REGION_POPULATION_RELATIVE,5,"[0.03, 0.04)",18455,0.075,17288,1167,0.063,0.264,0.005,0.001,-0.016,5.538
REGION_POPULATION_RELATIVE,6,"[0.04, inf)",17474,0.071,16674,800,0.046,0.605,0.02,0.002,-0.016,5.25
REGION_POPULATION_RELATIVE,7,Special,0,0.0,0,0,0.0,0.0,0.0,0.0,-0.016,5.761
REGION_POPULATION_RELATIVE,8,Missing,0,0.0,0,0,0.0,0.0,0.0,0.0,-0.016,5.761
DAYS_BIRTH,0,"(-inf, -23180.50)",12545,0.051,12000,545,0.043,0.66,0.017,0.002,0.193,12.381
DAYS_BIRTH,1,"[-23180.50, -21117.50)",26938,0.11,25493,1445,0.054,0.439,0.018,0.002,0.193,10.16
DAYS_BIRTH,2,"[-21117.50, -20087.50)",15240,0.062,14365,875,0.057,0.367,0.007,0.001,0.193,9.438
DAYS_BIRTH,3,"[-20087.50, -19344.50)",12303,0.05,11541,762,0.062,0.286,0.004,0.0,0.193,8.63
DAYS_BIRTH,4,"[-19344.50, -18338.50)",14738,0.06,13719,1019,0.069,0.168,0.002,0.0,0.193,7.449
DAYS_BIRTH,5,"[-18338.50, -17201.50)",16978,0.069,15731,1247,0.073,0.103,0.001,0.0,0.193,6.797
DAYS_BIRTH,6,"[-17201.50, -15329.50)",31801,0.129,29330,2471,0.078,0.042,0.0,0.0,0.193,6.186
DAYS_BIRTH,7,"[-15329.50, -14656.50)",12621,0.051,11602,1019,0.081,0.001,0.0,0.0,0.193,5.768
DAYS_BIRTH,8,"[-14656.50, -14017.50)",12381,0.05,11355,1026,0.083,-0.028,0.0,0.0,0.193,5.484
DAYS_BIRTH,9,"[-14017.50, -12732.50)",23734,0.096,21555,2179,0.092,-0.14,0.002,0.0,0.193,4.359
DAYS_BIRTH,10,"[-12732.50, -11308.50)",24713,0.1,22229,2484,0.101,-0.24,0.006,0.001,0.193,3.354
DAYS_BIRTH,11,"[-11308.50, -10579.50)",12307,0.05,10942,1365,0.111,-0.35,0.007,0.001,0.193,2.25
DAYS_BIRTH,12,"[-10579.50, -9414.50)",17362,0.071,15410,1952,0.112,-0.365,0.011,0.001,0.193,2.097
DAYS_BIRTH,13,"[-9414.50, inf)",12347,0.05,10860,1487,0.12,-0.443,0.012,0.001,0.193,1.316
DAYS_BIRTH,14,Special,0,0.0,0,0,0.0,0.0,0.0,0.0,0.193,5.761
DAYS_BIRTH,15,Missing,0,0.0,0,0,0.0,0.0,0.0,0.0,0.193,5.761
DAYS_EMPLOYED,0,"(-inf, -5443.50)",19024,0.077,18170,854,0.045,0.626,0.023,0.003,-0.371,-6.343
DAYS_EMPLOYED,1,"[-5443.50, -3892.50)",17641,0.072,16637,1004,0.057,0.376,0.009,0.001,-0.371,-1.51
DAYS_EMPLOYED,2,"[-3892.50, -3101.50)",15607,0.063,14611,996,0.064,0.254,0.004,0.0,-0.371,0.846
DAYS_EMPLOYED,3,"[-3101.50, -2423.50)",19335,0.079,17941,1394,0.072,0.123,0.001,0.0,-0.371,3.377
DAYS_EMPLOYED,4,"[-2423.50, -1789.50)",22619,0.092,20811,1808,0.08,0.012,0.0,0.0,-0.371,5.536
DAYS_EMPLOYED,5,"[-1789.50, -1475.50)",14983,0.061,13606,1377,0.092,-0.141,0.001,0.0,-0.371,8.487
DAYS_EMPLOYED,6,"[-1475.50, -1187.50)",15344,0.062,13798,1546,0.101,-0.243,0.004,0.001,-0.371,10.455
DAYS_EMPLOYED,7,"[-1187.50, -952.50)",14380,0.058,12896,1484,0.103,-0.269,0.005,0.001,-0.371,10.971
DAYS_EMPLOYED,8,"[-952.50, -566.50)",25719,0.105,22876,2843,0.111,-0.346,0.015,0.002,-0.371,12.459
DAYS_EMPLOYED,9,"[-566.50, -233.50)",24147,0.098,21361,2786,0.115,-0.395,0.018,0.002,-0.371,13.392
DAYS_EMPLOYED,10,"[-233.50, 182621.50)",12885,0.052,11505,1380,0.107,-0.311,0.006,0.001,-0.371,11.773
DAYS_EMPLOYED,11,"[182621.50, inf)",44324,0.18,41920,2404,0.054,0.427,0.028,0.003,-0.371,-2.496
DAYS_EMPLOYED,12,Special,0,0.0,0,0,0.0,0.0,0.0,0.0,-0.371,5.761
DAYS_EMPLOYED,13,Missing,0,0.0,0,0,0.0,0.0,0.0,0.0,-0.371,5.761
DAYS_REGISTRATION,0,"(-inf, -10894.50)",15626,0.064,14780,846,0.054,0.429,0.01,0.001,-0.278,-0.447
DAYS_REGISTRATION,1,"[-10894.50, -9322.50)",16901,0.069,15909,992,0.059,0.343,0.007,0.001,-0.278,0.792
DAYS_REGISTRATION,2,"[-9322.50, -6940.50)",38522,0.157,35764,2758,0.072,0.131,0.003,0.0,-0.278,3.867
DAYS_REGISTRATION,3,"[-6940.50, -5709.50)",22440,0.091,20688,1752,0.078,0.037,0.0,0.0,-0.278,5.223
DAYS_REGISTRATION,4,"[-5709.50, -4445.50)",31099,0.126,28442,2657,0.085,-0.061,0.0,0.0,-0.278,6.643
DAYS_REGISTRATION,5,"[-4445.50, -4000.50)",12311,0.05,11252,1059,0.086,-0.068,0.0,0.0,-0.278,6.751
DAYS_REGISTRATION,6,"[-4000.50, -1022.50)",73204,0.298,66854,6350,0.087,-0.078,0.002,0.0,-0.278,6.883
DAYS_REGISTRATION,7,"[-1022.50, -535.50)",16513,0.067,14981,1532,0.093,-0.151,0.002,0.0,-0.278,7.952
DAYS_REGISTRATION,8,"[-535.50, inf)",19392,0.079,17462,1930,0.1,-0.229,0.005,0.001,-0.278,9.077
DAYS_REGISTRATION,9,Special,0,0.0,0,0,0.0,0.0,0.0,0.0,-0.278,5.761
DAYS_REGISTRATION,10,Missing,0,0.0,0,0,0.0,0.0,0.0,0.0,-0.278,5.761
DAYS_ID_PUBLISH,0,"(-inf, -4721.50)",24694,0.1,23237,1457,0.059,0.338,0.01,0.001,-0.358,-0.541
DAYS_ID_PUBLISH,1,"[-4721.50, -4543.50)",14186,0.058,13326,860,0.061,0.309,0.005,0.001,-0.358,-0.003
DAYS_ID_PUBLISH,2,"[-4543.50, -4218.50)",30333,0.123,28405,1928,0.064,0.258,0.007,0.001,-0.358,0.938
DAYS_ID_PUBLISH,3,"[-4218.50, -4033.50)",18288,0.074,16946,1342,0.073,0.104,0.001,0.0,-0.358,3.816
DAYS_ID_PUBLISH,4,"[-4033.50, -3338.50)",31886,0.13,29392,2494,0.078,0.035,0.0,0.0,-0.358,5.104
DAYS_ID_PUBLISH,5,"[-3338.50, -2884.50)",18637,0.076,17132,1505,0.081,0.001,0.0,0.0,-0.358,5.751
DAYS_ID_PUBLISH,6,"[-2884.50, -1886.50)",40180,0.163,36649,3531,0.088,-0.092,0.001,0.0,-0.358,7.474
DAYS_ID_PUBLISH,7,"[-1886.50, -1081.50)",29821,0.121,26916,2905,0.097,-0.205,0.006,0.001,-0.358,9.592
DAYS_ID_PUBLISH,8,"[-1081.50, -753.50)",12332,0.05,11117,1215,0.099,-0.218,0.003,0.0,-0.358,9.826
DAYS_ID_PUBLISH,9,"[-753.50, -393.50)",12662,0.051,11380,1282,0.101,-0.248,0.004,0.0,-0.358,10.391
DAYS_ID_PUBLISH,10,"[-393.50, inf)",12989,0.053,11632,1357,0.104,-0.283,0.005,0.001,-0.358,11.043
DAYS_ID_PUBLISH,11,Special,0,0.0,0,0,0.0,0.0,0.0,0.0,-0.358,5.761
DAYS_ID_PUBLISH,12,Missing,0,0.0,0,0,0.0,0.0,0.0,0.0,-0.358,5.761
OWN_CAR_AGE,0,"(-inf, 3.50)",15748,0.064,14828,920,0.058,0.348,0.007,0.001,-0.441,-2.236
OWN_CAR_AGE,1,"[3.50, 6.50)",12464,0.051,11802,662,0.053,0.449,0.008,0.001,-0.441,-4.552
OWN_CAR_AGE,2,"[6.50, 9.50)",14719,0.06,13797,922,0.063,0.274,0.004,0.0,-0.441,-0.532
OWN_CAR_AGE,3,"[9.50, 16.50)",23483,0.095,21560,1923,0.082,-0.015,0.0,0.0,-0.441,6.097
OWN_CAR_AGE,4,"[16.50, inf)",17407,0.071,15798,1609,0.092,-0.147,0.002,0.0,-0.441,9.144
OWN_CAR_AGE,5,Special,0,0.0,0,0,0.0,0.0,0.0,0.0,-0.441,5.761
OWN_CAR_AGE,6,Missing,162187,0.659,148347,13840,0.085,-0.06,0.002,0.0,-0.441,5.761
FLAG_EMP_PHONE,0,"(-inf, 0.50)",44334,0.18,41929,2405,0.054,0.427,0.027,0.003,0.561,18.238
FLAG_EMP_PHONE,1,"[0.50, inf)",201674,0.82,184203,17471,0.087,-0.076,0.005,0.001,0.561,3.536
FLAG_EMP_PHONE,2,Special,0,0.0,0,0,0.0,0.0,0.0,0.0,0.561,5.761
FLAG_EMP_PHONE,3,Missing,0,0.0,0,0,0.0,0.0,0.0,0.0,0.561,5.761
FLAG_WORK_PHONE,0,"(-inf, 0.50)",197070,0.801,181926,15144,0.077,0.054,0.002,0.0,-0.458,4.465
FLAG_WORK_PHONE,1,"[0.50, inf)",48938,0.199,44206,4732,0.097,-0.197,0.008,0.001,-0.458,10.457
FLAG_WORK_PHONE,2,Special,0,0.0,0,0,0.0,0.0,0.0,0.0,-0.458,5.761
FLAG_WORK_PHONE,3,Missing,0,0.0,0,0,0.0,0.0,0.0,0.0,-0.458,5.761
FLAG_PHONE,0,"(-inf, 0.50)",176962,0.719,161954,15008,0.085,-0.053,0.002,0.0,-0.345,6.712
FLAG_PHONE,1,"[0.50, inf)",69046,0.281,64178,4868,0.071,0.147,0.006,0.001,-0.345,3.11
FLAG_PHONE,2,Special,0,0.0,0,0,0.0,0.0,0.0,0.0,-0.345,5.761
FLAG_PHONE,3,Missing,0,0.0,0,0,0.0,0.0,0.0,0.0,-0.345,5.761
OCCUPATION_TYPE,0,['Accountants' 'HR staff' 'High skill tech staff'],17475,0.071,16505,970,0.056,0.403,0.01,0.001,-0.21,1.368
OCCUPATION_TYPE,1,['Managers'],17165,0.07,16080,1085,0.063,0.264,0.004,0.001,-0.21,2.876
OCCUPATION_TYPE,2,"['Core staff' 'Secretaries' 'Medicine staff' 'Private service staff'
 'IT staff']",32444,0.132,30330,2114,0.065,0.232,0.006,0.001,-0.21,3.23
OCCUPATION_TYPE,3,['Realty agents' 'Cleaning staff' 'Sales staff'],29940,0.122,27065,2875,0.096,-0.189,0.005,0.001,-0.21,7.828
OCCUPATION_TYPE,4,['Laborers' 'Cooking staff' 'Security staff'],54264,0.221,48520,5744,0.106,-0.298,0.022,0.003,-0.21,9.011
OCCUPATION_TYPE,5,['Drivers' 'Waiters/barmen staff' 'Low-skill Laborers'],17614,0.072,15549,2065,0.117,-0.413,0.015,0.002,-0.21,10.265
OCCUPATION_TYPE,6,Special,0,0.0,0,0,0.0,0.0,0.0,0.0,-0.21,5.761
OCCUPATION_TYPE,7,Missing,77106,0.313,72083,5023,0.065,0.232,0.015,0.002,-0.21,5.761
REGION_RATING_CLIENT,0,"(-inf, 1.50)",25737,0.105,24476,1261,0.049,0.534,0.024,0.003,0.372,16.106
REGION_RATING_CLIENT,1,"[1.50, 2.50)",181590,0.738,167263,14327,0.079,0.026,0.0,0.0,0.372,6.261
REGION_RATING_CLIENT,2,"[2.50, inf)",38681,0.157,34393,4288,0.111,-0.35,0.022,0.003,0.372,-1.009
REGION_RATING_CLIENT,3,Special,0,0.0,0,0,0.0,0.0,0.0,0.0,0.372,5.761
REGION_RATING_CLIENT,4,Missing,0,0.0,0,0,0.0,0.0,0.0,0.0,0.372,5.761
REGION_RATING_CLIENT_W_CITY,0,"(-inf, 1.50)",27311,0.111,25973,1338,0.049,0.534,0.025,0.003,-0.603,-11.025
REGION_RATING_CLIENT_W_CITY,1,"[1.50, 2.50)",183592,0.746,169064,14528,0.079,0.023,0.0,0.0,-0.603,5.051
REGION_RATING_CLIENT_W_CITY,2,"[2.50, inf)",35105,0.143,31095,4010,0.114,-0.383,0.025,0.003,-0.603,17.805
REGION_RATING_CLIENT_W_CITY,3,Special,0,0.0,0,0,0.0,0.0,0.0,0.0,-0.603,5.761
REGION_RATING_CLIENT_W_CITY,4,Missing,0,0.0,0,0,0.0,0.0,0.0,0.0,-0.603,5.761
HOUR_APPR_PROCESS_START,0,"(-inf, 8.50)",30027,0.122,27113,2914,0.097,-0.201,0.005,0.001,-0.157,7.406
HOUR_APPR_PROCESS_START,1,"[8.50, 9.50)",21880,0.089,20099,1781,0.081,-0.008,0.0,0.0,-0.157,5.827
HOUR_APPR_PROCESS_START,2,"[9.50, 12.50)",87236,0.355,80180,7056,0.081,-0.001,0.0,0.0,-0.157,5.771
HOUR_APPR_PROCESS_START,3,"[12.50, 13.50)",24834,0.101,22832,2002,0.081,0.002,0.0,0.0,-0.157,5.741
HOUR_APPR_PROCESS_START,4,"[13.50, 14.50)",22155,0.09,20387,1768,0.08,0.013,0.0,0.0,-0.157,5.651
HOUR_APPR_PROCESS_START,5,"[14.50, 15.50)",19917,0.081,18410,1507,0.076,0.071,0.0,0.0,-0.157,5.179
HOUR_APPR_PROCESS_START,6,"[15.50, 16.50)",16254,0.066,15036,1218,0.075,0.082,0.0,0.0,-0.157,5.093
HOUR_APPR_PROCESS_START,7,"[16.50, inf)",23705,0.096,22075,1630,0.069,0.174,0.003,0.0,-0.157,4.335
HOUR_APPR_PROCESS_START,8,Special,0,0.0,0,0,0.0,0.0,0.0,0.0,-0.157,5.761
HOUR_APPR_PROCESS_START,9,Missing,0,0.0,0,0,0.0,0.0,0.0,0.0,-0.157,5.761
REG_CITY_NOT_LIVE_CITY,0,"(-inf, 0.50)",226730,0.922,209213,17517,0.077,0.049,0.002,0.0,-0.337,4.908
REG_CITY_NOT_LIVE_CITY,1,"[0.50, inf)",19278,0.078,16919,2359,0.122,-0.461,0.02,0.003,-0.337,13.86
REG_CITY_NOT_LIVE_CITY,2,Special,0,0.0,0,0,0.0,0.0,0.0,0.0,-0.337,5.761
REG_CITY_NOT_LIVE_CITY,3,Missing,0,0.0,0,0,0.0,0.0,0.0,0.0,-0.337,5.761
REG_CITY_NOT_WORK_CITY,0,"(-inf, 0.50)",189391,0.77,175529,13862,0.073,0.107,0.008,0.001,0.271,7.27
REG_CITY_NOT_WORK_CITY,1,"[0.50, inf)",56617,0.23,50603,6014,0.106,-0.302,0.024,0.003,0.271,1.508
REG_CITY_NOT_WORK_CITY,2,Special,0,0.0,0,0,0.0,0.0,0.0,0.0,0.271,5.761
REG_CITY_NOT_WORK_CITY,3,Missing,0,0.0,0,0,0.0,0.0,0.0,0.0,0.271,5.761
LIVE_CITY_NOT_WORK_CITY,0,"(-inf, 0.50)",201936,0.821,186474,15462,0.077,0.058,0.003,0.0,-0.257,4.98
LIVE_CITY_NOT_WORK_CITY,1,"[0.50, inf)",44072,0.179,39658,4414,0.1,-0.236,0.011,0.001,-0.257,8.923
LIVE_CITY_NOT_WORK_CITY,2,Special,0,0.0,0,0,0.0,0.0,0.0,0.0,-0.257,5.761
LIVE_CITY_NOT_WORK_CITY,3,Missing,0,0.0,0,0,0.0,0.0,0.0,0.0,-0.257,5.761
ORGANIZATION_TYPE,0,"['Trade: type 4' 'Trade: type 5' 'Industry: type 12' 'Trade: type 6'
 'Industry: type 10' 'Security Ministries' 'University' 'Police' 'Culture'
 'Military' 'Bank' 'Transport: type 1' 'XNA' 'School' 'Electricity']",62283,0.253,58911,3372,0.054,0.429,0.039,0.005,-0.534,-6.166
ORGANIZATION_TYPE,1,"['Hotel' 'Emergency' 'Industry: type 5' 'Medicine' 'Government'
 'Trade: type 2' 'Insurance' 'Industry: type 9' 'Legal Services'
 'Kindergarten']",29396,0.119,27418,1978,0.067,0.198,0.004,0.001,-0.534,0.269
ORGANIZATION_TYPE,2,"['Services' 'Telecom' 'Industry: type 6' 'Transport: type 2' 'Housing'
 'Other' 'Religion' 'Industry: type 7']",20414,0.083,18885,1529,0.075,0.082,0.001,0.0,-0.534,3.477
ORGANIZATION_TYPE,3,"['Industry: type 2' 'Business Entity Type 1' 'Advertising'
 'Business Entity Type 2' 'Industry: type 11' 'Industry: type 13']",16248,0.066,14860,1388,0.085,-0.061,0.0,0.0,-0.534,7.452
ORGANIZATION_TYPE,4,['Postal' 'Industry: type 8' 'Business Entity Type 3'],56041,0.228,50812,5229,0.093,-0.158,0.006,0.001,-0.534,10.146
ORGANIZATION_TYPE,5,['Transport: type 4' 'Trade: type 7' 'Security'],13147,0.053,11898,1249,0.095,-0.178,0.002,0.0,-0.534,10.699
ORGANIZATION_TYPE,6,['Trade: type 1' 'Trade: type 3' 'Self-employed' 'Agriculture'],35726,0.145,32086,3640,0.102,-0.255,0.011,0.001,-0.534,12.857
ORGANIZATION_TYPE,7,"['Industry: type 3' 'Industry: type 4' 'Mobile' 'Cleaning' 'Realtor'
 'Construction' 'Industry: type 1' 'Restaurant' 'Transport: type 3']",12753,0.052,11262,1491,0.117,-0.41,0.01,0.001,-0.534,17.152
ORGANIZATION_TYPE,8,Special,0,0.0,0,0,0.0,0.0,0.0,0.0,-0.534,5.761
ORGANIZATION_TYPE,9,Missing,0,0.0,0,0,0.0,0.0,0.0,0.0,-0.534,5.761
EXT_SOURCE_1,0,"(-inf, 0.28)",18646,0.076,15806,2840,0.152,-0.715,0.052,0.006,-0.46,22.904
EXT_SOURCE_1,1,"[0.28, 0.41)",20396,0.083,18495,1901,0.093,-0.156,0.002,0.0,-0.46,9.513
EXT_SOURCE_1,2,"[0.41, 0.57)",24164,0.098,22556,1608,0.067,0.209,0.004,0.0,-0.46,0.74
EXT_SOURCE_1,3,"[0.57, 0.69)",20487,0.083,19467,1020,0.05,0.517,0.018,0.002,-0.46,-6.642
EXT_SOURCE_1,4,"[0.69, inf)",23791,0.097,23063,728,0.031,1.024,0.067,0.008,-0.46,-18.792
EXT_SOURCE_1,5,Special,0,0.0,0,0,0.0,0.0,0.0,0.0,-0.46,5.761
EXT_SOURCE_1,6,Missing,138524,0.563,126745,11779,0.085,-0.056,0.002,0.0,-0.46,5.761
EXT_SOURCE_2,0,"(-inf, 0.15)",14197,0.058,11153,3044,0.214,-1.133,0.118,0.014,-0.725,48.544
EXT_SOURCE_2,1,"[0.15, 0.26)",17522,0.071,15129,2393,0.137,-0.588,0.031,0.004,-0.725,27.946
EXT_SOURCE_2,2,"[0.26, 0.34)",16967,0.069,15018,1949,0.115,-0.39,0.012,0.002,-0.725,20.475
EXT_SOURCE_2,3,"[0.34, 0.40)",13866,0.056,12379,1487,0.107,-0.312,0.006,0.001,-0.725,17.555
EXT_SOURCE_2,4,"[0.40, 0.45)",14312,0.058,12990,1322,0.092,-0.147,0.001,0.0,-0.725,11.295
EXT_SOURCE_2,5,"[0.45, 0.49)",12301,0.05,11240,1061,0.086,-0.071,0.0,0.0,-0.725,8.455
EXT_SOURCE_2,6,"[0.49, 0.55)",26538,0.108,24497,2041,0.077,0.054,0.0,0.0,-0.725,3.741
EXT_SOURCE_2,7,"[0.55, 0.62)",36411,0.148,34004,2407,0.066,0.216,0.006,0.001,-0.725,-2.414
EXT_SOURCE_2,8,"[0.62, 0.65)",21042,0.086,19820,1222,0.058,0.355,0.009,0.001,-0.725,-7.628
EXT_SOURCE_2,9,"[0.65, 0.67)",12602,0.051,11970,632,0.05,0.51,0.011,0.001,-0.725,-13.483
EXT_SOURCE_2,10,"[0.67, 0.68)",12418,0.05,11842,576,0.046,0.592,0.014,0.002,-0.725,-16.581
EXT_SOURCE_2,11,"[0.68, 0.70)",13028,0.053,12434,594,0.046,0.61,0.015,0.002,-0.725,-17.261
EXT_SOURCE_2,12,"[0.70, 0.74)",20710,0.084,19982,728,0.035,0.881,0.046,0.006,-0.725,-27.492
EXT_SOURCE_2,13,"[0.74, inf)",13565,0.055,13189,376,0.028,1.126,0.044,0.005,-0.725,-36.753
EXT_SOURCE_2,14,Special,0,0.0,0,0,0.0,0.0,0.0,0.0,-0.725,5.761
EXT_SOURCE_2,15,Missing,529,0.002,485,44,0.083,-0.032,0.0,0.0,-0.725,5.761
EXT_SOURCE_3,0,"(-inf, 0.18)",12752,0.052,9936,2816,0.221,-1.171,0.114,0.014,-0.833,56.54
EXT_SOURCE_3,1,"[0.18, 0.26)",12696,0.052,10717,1979,0.156,-0.742,0.039,0.005,-0.833,37.959
EXT_SOURCE_3,2,"[0.26, 0.33)",13638,0.055,11969,1669,0.122,-0.462,0.014,0.002,-0.833,25.778
EXT_SOURCE_3,3,"[0.33, 0.39)",15042,0.061,13597,1445,0.096,-0.19,0.002,0.0,-0.833,13.996
EXT_SOURCE_3,4,"[0.39, 0.44)",12688,0.052,11557,1131,0.089,-0.107,0.001,0.0,-0.833,10.42
EXT_SOURCE_3,5,"[0.44, 0.50)",20769,0.084,19244,1525,0.073,0.104,0.001,0.0,-0.833,1.268
EXT_SOURCE_3,6,"[0.50, 0.57)",23423,0.095,22114,1309,0.056,0.395,0.013,0.002,-0.833,-11.386
EXT_SOURCE_3,7,"[0.57, 0.61)",13730,0.056,13044,686,0.05,0.514,0.012,0.001,-0.833,-16.515
EXT_SOURCE_3,8,"[0.61, 0.67)",25110,0.102,24001,1109,0.044,0.643,0.032,0.004,-0.833,-22.129
EXT_SOURCE_3,9,"[0.67, 0.71)",15980,0.065,15358,622,0.039,0.775,0.028,0.003,-0.833,-27.846
EXT_SOURCE_3,10,"[0.71, 0.76)",15409,0.063,14884,525,0.034,0.913,0.036,0.004,-0.833,-33.84
EXT_SOURCE_3,11,"[0.76, inf)",15947,0.065,15446,501,0.031,0.997,0.043,0.005,-0.833,-37.477
EXT_SOURCE_3,12,Special,0,0.0,0,0,0.0,0.0,0.0,0.0,-0.833,5.761
EXT_SOURCE_3,13,Missing,48824,0.198,44265,4559,0.093,-0.159,0.005,0.001,-0.833,5.761
APARTMENTS_AVG,0,"(-inf, 0.02)",15398,0.063,13979,1419,0.092,-0.144,0.001,0.0,-0.553,9.91
APARTMENTS_AVG,1,"[0.02, 0.05)",13127,0.053,12075,1052,0.08,0.009,0.0,0.0,-0.553,5.506
APARTMENTS_AVG,2,"[0.05, 0.08)",29915,0.122,27873,2042,0.068,0.182,0.004,0.0,-0.553,0.514
APARTMENTS_AVG,3,"[0.08, 0.10)",14063,0.057,13114,949,0.067,0.194,0.002,0.0,-0.553,0.16
APARTMENTS_AVG,4,"[0.10, 0.17)",25669,0.104,24002,1667,0.065,0.236,0.005,0.001,-0.553,-1.024
APARTMENTS_AVG,5,"[0.17, inf)",22853,0.093,21542,1311,0.057,0.368,0.011,0.001,-0.553,-4.83
APARTMENTS_AVG,6,Special,0,0.0,0,0,0.0,0.0,0.0,0.0,-0.553,5.761
APARTMENTS_AVG,7,Missing,124983,0.508,113547,11436,0.092,-0.136,0.01,0.001,-0.553,5.761
BASEMENTAREA_AVG,0,"(-inf, 0.03)",20250,0.082,18689,1561,0.077,0.051,0.0,0.0,0.316,6.599
BASEMENTAREA_AVG,1,"[0.03, 0.08)",36007,0.146,33415,2592,0.072,0.125,0.002,0.0,0.316,7.815
BASEMENTAREA_AVG,2,"[0.08, 0.12)",22717,0.092,21172,1545,0.068,0.186,0.003,0.0,0.316,8.819
BASEMENTAREA_AVG,3,"[0.12, inf)",23019,0.094,21668,1351,0.059,0.343,0.01,0.001,0.316,11.405
BASEMENTAREA_AVG,4,Special,0,0.0,0,0,0.0,0.0,0.0,0.0,0.316,5.761
BASEMENTAREA_AVG,5,Missing,144015,0.585,131188,12827,0.089,-0.107,0.007,0.001,0.316,5.761
YEARS_BEGINEXPLUATATION_AVG,0,"(-inf, 0.97)",16352,0.066,14993,1359,0.083,-0.031,0.0,0.0,0.825,4.438
YEARS_BEGINEXPLUATATION_AVG,1,"[0.97, 0.98)",15999,0.065,14760,1239,0.077,0.046,0.0,0.0,0.825,7.739
YEARS_BEGINEXPLUATATION_AVG,2,"[0.98, 0.98)",24205,0.098,22462,1743,0.072,0.125,0.001,0.0,0.825,11.117
YEARS_BEGINEXPLUATATION_AVG,3,"[0.98, 0.98)",15529,0.063,14450,1079,0.069,0.163,0.002,0.0,0.825,12.77
YEARS_BEGINEXPLUATATION_AVG,4,"[0.98, 0.99)",39788,0.162,37131,2657,0.067,0.206,0.006,0.001,0.825,14.6
YEARS_BEGINEXPLUATATION_AVG,5,"[0.99, inf)",14054,0.057,13289,765,0.054,0.423,0.009,0.001,0.825,23.952
YEARS_BEGINEXPLUATATION_AVG,6,Special,0,0.0,0,0,0.0,0.0,0.0,0.0,0.825,5.761
YEARS_BEGINEXPLUATATION_AVG,7,Missing,120081,0.488,109047,11034,0.092,-0.141,0.01,0.001,0.825,5.761
YEARS_BUILD_AVG,0,"(-inf, 0.68)",17631,0.072,16249,1382,0.078,0.033,0.0,0.0,0.269,6.222
YEARS_BUILD_AVG,1,"[0.68, 0.79)",34607,0.141,32220,2387,0.069,0.171,0.004,0.0,0.269,8.16
YEARS_BUILD_AVG,2,"[0.79, 0.85)",16972,0.069,15858,1114,0.066,0.224,0.003,0.0,0.269,8.906
YEARS_BUILD_AVG,3,"[0.85, inf)",13115,0.053,12362,753,0.057,0.367,0.006,0.001,0.269,10.907
YEARS_BUILD_AVG,4,Special,0,0.0,0,0,0.0,0.0,0.0,0.0,0.269,5.761
YEARS_BUILD_AVG,5,Missing,163683,0.665,149443,14240,0.087,-0.081,0.004,0.001,0.269,5.761
COMMONAREA_AVG,0,"(-inf, 0.00)",13475,0.055,12445,1030,0.076,0.06,0.0,0.0,-0.111,5.414
COMMONAREA_AVG,1,"[0.00, 0.01)",14486,0.059,13417,1069,0.074,0.098,0.001,0.0,-0.111,5.195
COMMONAREA_AVG,2,"[0.01, 0.07)",33561,0.136,31299,2262,0.067,0.196,0.005,0.001,-0.111,4.633
COMMONAREA_AVG,3,"[0.07, inf)",12557,0.051,11821,736,0.059,0.345,0.005,0.001,-0.111,3.774
COMMONAREA_AVG,4,Special,0,0.0,0,0,0.0,0.0,0.0,0.0,-0.111,5.761
COMMONAREA_AVG,5,Missing,171929,0.699,157150,14779,0.086,-0.068,0.003,0.0,-0.111,5.761
ELEVATORS_AVG,0,"(-inf, 0.00)",68440,0.278,63175,5265,0.077,0.053,0.001,0.0,-0.126,5.411
ELEVATORS_AVG,1,"[0.00, 0.08)",13341,0.054,12492,849,0.064,0.257,0.003,0.0,-0.126,4.072
ELEVATORS_AVG,2,"[0.08, 0.21)",17341,0.07,16340,1001,0.058,0.361,0.008,0.001,-0.126,3.39
ELEVATORS_AVG,3,"[0.21, inf)",15678,0.064,14857,821,0.052,0.464,0.011,0.001,-0.126,2.714
ELEVATORS_AVG,4,Special,0,0.0,0,0,0.0,0.0,0.0,0.0,-0.126,5.761
ELEVATORS_AVG,5,Missing,131208,0.533,119268,11940,0.091,-0.13,0.01,0.001,-0.126,5.761
ENTRANCES_AVG,0,"(-inf, 0.08)",32291,0.131,29707,2584,0.08,0.01,0.0,0.0,0.496,6.03
ENTRANCES_AVG,1,"[0.08, 0.11)",17313,0.07,16071,1242,0.072,0.129,0.001,0.0,0.496,9.083
ENTRANCES_AVG,2,"[0.11, 0.14)",29356,0.119,27380,1976,0.067,0.197,0.004,0.001,0.496,10.849
ENTRANCES_AVG,3,"[0.14, 0.23)",25595,0.104,23969,1626,0.064,0.259,0.006,0.001,0.496,12.447
ENTRANCES_AVG,4,"[0.23, inf)",17505,0.071,16425,1080,0.062,0.29,0.005,0.001,0.496,13.253
ENTRANCES_AVG,5,Special,0,0.0,0,0,0.0,0.0,0.0,0.0,0.496,5.761
ENTRANCES_AVG,6,Missing,123948,0.504,112580,11368,0.092,-0.139,0.01,0.001,0.496,5.761
FLOORSMAX_AVG,0,"(-inf, 0.15)",26063,0.106,23745,2318,0.089,-0.105,0.001,0.0,-0.086,6.229
FLOORSMAX_AVG,1,"[0.15, 0.20)",49995,0.203,46418,3577,0.072,0.132,0.003,0.0,-0.086,5.174
FLOORSMAX_AVG,2,"[0.20, 0.37)",31322,0.127,29412,1910,0.061,0.303,0.01,0.001,-0.086,4.411
FLOORSMAX_AVG,3,"[0.37, inf)",16096,0.065,15277,819,0.051,0.494,0.013,0.002,-0.086,3.556
FLOORSMAX_AVG,4,Special,0,0.0,0,0,0.0,0.0,0.0,0.0,-0.086,5.761
FLOORSMAX_AVG,5,Missing,122532,0.498,111280,11252,0.092,-0.14,0.01,0.001,-0.086,5.761
FLOORSMIN_AVG,0,"(-inf, 0.19)",26497,0.108,24429,2068,0.078,0.038,0.0,0.0,-0.598,4.591
FLOORSMIN_AVG,1,"[0.19, 0.22)",26406,0.107,24523,1883,0.071,0.135,0.002,0.0,-0.598,1.555
FLOORSMIN_AVG,2,"[0.22, inf)",26151,0.106,24677,1474,0.056,0.386,0.014,0.002,-0.598,-6.261
FLOORSMIN_AVG,3,Special,0,0.0,0,0,0.0,0.0,0.0,0.0,-0.598,5.761
FLOORSMIN_AVG,4,Missing,166954,0.679,152503,14451,0.087,-0.075,0.004,0.0,-0.598,5.761
LANDAREA_AVG,0,"(-inf, 0.00)",13046,0.053,12193,853,0.065,0.228,0.003,0.0,0.781,15.045
LANDAREA_AVG,1,"[0.00, 0.02)",17154,0.07,15770,1384,0.081,0.002,0.0,0.0,0.781,5.823
LANDAREA_AVG,2,"[0.02, 0.04)",13054,0.053,12083,971,0.074,0.09,0.0,0.0,0.781,9.406
LANDAREA_AVG,3,"[0.04, 0.06)",12442,0.051,11537,905,0.073,0.114,0.001,0.0,0.781,10.389
LANDAREA_AVG,4,"[0.06, 0.08)",15318,0.062,14283,1035,0.068,0.193,0.002,0.0,0.781,13.614
LANDAREA_AVG,5,"[0.08, 0.12)",15215,0.062,14213,1002,0.066,0.221,0.003,0.0,0.781,14.732
LANDAREA_AVG,6,"[0.12, inf)",13650,0.055,12800,850,0.062,0.28,0.004,0.0,0.781,17.165
LANDAREA_AVG,7,Special,0,0.0,0,0,0.0,0.0,0.0,0.0,0.781,5.761
LANDAREA_AVG,8,Missing,146129,0.594,133253,12876,0.088,-0.095,0.006,0.001,0.781,5.761
LIVINGAPARTMENTS_AVG,0,"(-inf, 0.04)",15184,0.062,13900,1284,0.085,-0.05,0.0,0.0,0.235,5.154
LIVINGAPARTMENTS_AVG,1,"[0.04, 0.06)",12696,0.052,11806,890,0.07,0.154,0.001,0.0,0.235,7.636
LIVINGAPARTMENTS_AVG,2,"[0.06, 0.09)",17438,0.071,16258,1180,0.068,0.191,0.002,0.0,0.235,8.099
LIVINGAPARTMENTS_AVG,3,"[0.09, 0.16)",19119,0.078,17909,1210,0.063,0.263,0.005,0.001,0.235,8.974
LIVINGAPARTMENTS_AVG,4,"[0.16, inf)",13375,0.054,12605,770,0.058,0.364,0.006,0.001,0.235,10.204
LIVINGAPARTMENTS_AVG,5,Special,0,0.0,0,0,0.0,0.0,0.0,0.0,0.235,5.761
LIVINGAPARTMENTS_AVG,6,Missing,168196,0.684,153654,14542,0.086,-0.074,0.004,0.0,0.235,5.761
LIVINGAREA_AVG,0,"(-inf, 0.03)",21294,0.087,19358,1936,0.091,-0.129,0.002,0.0,0.073,5.268
LIVINGAREA_AVG,1,"[0.03, 0.05)",19344,0.079,17895,1449,0.075,0.082,0.001,0.0,0.073,6.074
LIVINGAREA_AVG,2,"[0.05, 0.07)",13568,0.055,12593,975,0.072,0.127,0.001,0.0,0.073,6.245
LIVINGAREA_AVG,3,"[0.07, 0.09)",16989,0.069,15838,1151,0.068,0.19,0.002,0.0,0.073,6.487
LIVINGAREA_AVG,4,"[0.09, 0.13)",19786,0.08,18485,1301,0.066,0.222,0.004,0.0,0.073,6.609
LIVINGAREA_AVG,5,"[0.13, 0.19)",12340,0.05,11607,733,0.059,0.331,0.005,0.001,0.073,7.023
LIVINGAREA_AVG,6,"[0.19, inf)",19100,0.078,18054,1046,0.055,0.417,0.011,0.001,0.073,7.352
LIVINGAREA_AVG,7,Special,0,0.0,0,0,0.0,0.0,0.0,0.0,0.073,5.761
LIVINGAREA_AVG,8,Missing,123587,0.502,112302,11285,0.091,-0.134,0.01,0.001,0.073,5.761
NONLIVINGAPARTMENTS_AVG,0,"(-inf, 0.01)",62821,0.255,58431,4390,0.07,0.157,0.006,0.001,-0.118,4.799
NONLIVINGAPARTMENTS_AVG,1,"[0.01, inf)",12319,0.05,11543,776,0.063,0.268,0.003,0.0,-0.118,4.118
NONLIVINGAPARTMENTS_AVG,2,Special,0,0.0,0,0,0.0,0.0,0.0,0.0,-0.118,5.761
NONLIVINGAPARTMENTS_AVG,3,Missing,170868,0.695,156158,14710,0.086,-0.069,0.003,0.0,-0.118,5.761
NONLIVINGAREA_AVG,0,"(-inf, 0.00)",46910,0.191,43532,3378,0.072,0.125,0.003,0.0,1.506,15.533
NONLIVINGAREA_AVG,1,"[0.00, 0.06)",47781,0.194,44490,3291,0.069,0.172,0.005,0.001,1.506,19.287
NONLIVINGAREA_AVG,2,"[0.06, inf)",15374,0.062,14445,929,0.06,0.312,0.005,0.001,1.506,30.26
NONLIVINGAREA_AVG,3,Special,0,0.0,0,0,0.0,0.0,0.0,0.0,1.506,5.761
NONLIVINGAREA_AVG,4,Missing,135943,0.553,123665,12278,0.09,-0.122,0.009,0.001,1.506,5.761
APARTMENTS_MODE,0,"(-inf, 0.03)",22226,0.09,20248,1978,0.089,-0.106,0.001,0.0,-0.067,6.129
APARTMENTS_MODE,1,"[0.03, 0.06)",12462,0.051,11569,893,0.072,0.13,0.001,0.0,-0.067,5.308
APARTMENTS_MODE,2,"[0.06, 0.09)",28505,0.116,26563,1942,0.068,0.184,0.004,0.0,-0.067,5.119
APARTMENTS_MODE,3,"[0.09, 0.13)",24384,0.099,22767,1617,0.066,0.213,0.004,0.001,-0.067,5.018
APARTMENTS_MODE,4,"[0.13, 0.22)",18310,0.074,17163,1147,0.063,0.274,0.005,0.001,-0.067,4.806
APARTMENTS_MODE,5,"[0.22, inf)",15138,0.062,14275,863,0.057,0.374,0.007,0.001,-0.067,4.457
APARTMENTS_MODE,6,Special,0,0.0,0,0,0.0,0.0,0.0,0.0,-0.067,5.761
APARTMENTS_MODE,7,Missing,124983,0.508,113547,11436,0.092,-0.136,0.01,0.001,-0.067,5.761
BASEMENTAREA_MODE,0,"(-inf, 0.04)",22672,0.092,20953,1719,0.076,0.069,0.0,0.0,0.818,8.697
BASEMENTAREA_MODE,1,"[0.04, 0.08)",36583,0.149,33986,2597,0.071,0.14,0.003,0.0,0.818,11.723
BASEMENTAREA_MODE,2,"[0.08, 0.13)",24757,0.101,23078,1679,0.068,0.189,0.003,0.0,0.818,13.813
BASEMENTAREA_MODE,3,"[0.13, inf)",17981,0.073,16927,1054,0.059,0.345,0.008,0.001,0.818,20.441
BASEMENTAREA_MODE,4,Special,0,0.0,0,0,0.0,0.0,0.0,0.0,0.818,5.761
BASEMENTAREA_MODE,5,Missing,144015,0.585,131188,12827,0.089,-0.107,0.007,0.001,0.818,5.761
YEARS_BEGINEXPLUATATION_MODE,0,"(-inf, 0.97)",17195,0.07,15755,1440,0.084,-0.039,0.0,0.0,-0.209,6.186
YEARS_BEGINEXPLUATATION_MODE,1,"[0.97, 0.98)",16569,0.067,15304,1265,0.076,0.061,0.0,0.0,-0.209,5.093
YEARS_BEGINEXPLUATATION_MODE,2,"[0.98, 0.98)",39770,0.162,36961,2809,0.071,0.145,0.003,0.0,-0.209,4.179
YEARS_BEGINEXPLUATATION_MODE,3,"[0.98, 0.99)",39003,0.159,36397,2606,0.067,0.205,0.006,0.001,-0.209,3.531
YEARS_BEGINEXPLUATATION_MODE,4,"[0.99, inf)",13390,0.054,12668,722,0.054,0.433,0.009,0.001,-0.209,1.049
YEARS_BEGINEXPLUATATION_MODE,5,Special,0,0.0,0,0,0.0,0.0,0.0,0.0,-0.209,5.761
YEARS_BEGINEXPLUATATION_MODE,6,Missing,120081,0.488,109047,11034,0.092,-0.141,0.01,0.001,-0.209,5.761
YEARS_BUILD_MODE,0,"(-inf, 0.70)",20082,0.082,18527,1555,0.077,0.046,0.0,0.0,-0.485,4.596
YEARS_BUILD_MODE,1,"[0.70, 0.80)",32852,0.134,30591,2261,0.069,0.173,0.004,0.0,-0.485,1.385
YEARS_BUILD_MODE,2,"[0.80, 0.84)",13478,0.055,12578,900,0.067,0.206,0.002,0.0,-0.485,0.567
YEARS_BUILD_MODE,3,"[0.84, inf)",15913,0.065,14993,920,0.058,0.359,0.007,0.001,-0.485,-3.313
YEARS_BUILD_MODE,4,Special,0,0.0,0,0,0.0,0.0,0.0,0.0,-0.485,5.761
YEARS_BUILD_MODE,5,Missing,163683,0.665,149443,14240,0.087,-0.081,0.004,0.001,-0.485,5.761
COMMONAREA_MODE,0,"(-inf, 0.00)",15095,0.061,13964,1131,0.075,0.082,0.0,0.0,0.673,8.628
COMMONAREA_MODE,1,"[0.00, 0.01)",13675,0.056,12687,988,0.072,0.121,0.001,0.0,0.673,10.005
COMMONAREA_MODE,2,"[0.01, 0.03)",18976,0.077,17662,1314,0.069,0.167,0.002,0.0,0.673,11.607
COMMONAREA_MODE,3,"[0.03, 0.07)",13753,0.056,12843,910,0.066,0.216,0.002,0.0,0.673,13.318
COMMONAREA_MODE,4,"[0.07, inf)",12580,0.051,11826,754,0.06,0.321,0.005,0.001,0.673,17.019
COMMONAREA_MODE,5,Special,0,0.0,0,0,0.0,0.0,0.0,0.0,0.673,5.761
COMMONAREA_MODE,6,Missing,171929,0.699,157150,14779,0.086,-0.068,0.003,0.0,0.673,5.761
ELEVATORS_MODE,0,"(-inf, 0.02)",71468,0.291,66030,5438,0.076,0.065,0.001,0.0,0.538,7.586
ELEVATORS_MODE,1,"[0.02, 0.10)",13234,0.054,12407,827,0.062,0.277,0.004,0.0,0.538,13.516
ELEVATORS_MODE,2,"[0.10, 0.22)",15502,0.063,14604,898,0.058,0.357,0.007,0.001,0.538,15.778
ELEVATORS_MODE,3,"[0.22, inf)",14596,0.059,13823,773,0.053,0.452,0.01,0.001,0.538,18.44
ELEVATORS_MODE,4,Special,0,0.0,0,0,0.0,0.0,0.0,0.0,0.538,5.761
ELEVATORS_MODE,5,Missing,131208,0.533,119268,11940,0.091,-0.13,0.01,0.001,0.538,5.761
ENTRANCES_MODE,0,"(-inf, 0.09)",37170,0.151,34273,2897,0.078,0.039,0.0,0.0,0.037,5.836
ENTRANCES_MODE,1,"[0.09, 0.12)",16426,0.067,15264,1162,0.071,0.144,0.001,0.0,0.037,6.037
ENTRANCES_MODE,2,"[0.12, 0.16)",28856,0.117,26902,1954,0.068,0.191,0.004,0.0,0.037,6.127
ENTRANCES_MODE,3,"[0.16, 0.22)",22919,0.093,21466,1453,0.063,0.261,0.006,0.001,0.037,6.263
ENTRANCES_MODE,4,"[0.22, inf)",16689,0.068,15647,1042,0.062,0.278,0.005,0.001,0.037,6.294
ENTRANCES_MODE,5,Special,0,0.0,0,0,0.0,0.0,0.0,0.0,0.037,5.761
ENTRANCES_MODE,6,Missing,123948,0.504,112580,11368,0.092,-0.139,0.01,0.001,0.037,5.761
FLOORSMAX_MODE,0,"(-inf, 0.15)",26354,0.107,24020,2334,0.089,-0.1,0.001,0.0,-0.271,7.179
FLOORSMAX_MODE,1,"[0.15, 0.23)",53609,0.218,49818,3791,0.071,0.144,0.004,0.001,-0.271,3.724
FLOORSMAX_MODE,2,"[0.23, 0.35)",28408,0.115,26680,1728,0.061,0.305,0.009,0.001,-0.271,1.445
FLOORSMAX_MODE,3,"[0.35, inf)",15105,0.061,14334,771,0.051,0.491,0.012,0.001,-0.271,-1.18
FLOORSMAX_MODE,4,Special,0,0.0,0,0,0.0,0.0,0.0,0.0,-0.271,5.761
FLOORSMAX_MODE,5,Missing,122532,0.498,111280,11252,0.092,-0.14,0.01,0.001,-0.271,5.761
FLOORSMIN_MODE,0,"(-inf, 0.19)",26832,0.109,24745,2087,0.078,0.041,0.0,0.0,0.83,7.545
FLOORSMIN_MODE,1,"[0.19, 0.23)",27485,0.112,25558,1927,0.07,0.153,0.002,0.0,0.83,12.389
FLOORSMIN_MODE,2,"[0.23, inf)",24737,0.101,23326,1411,0.057,0.374,0.012,0.001,0.83,21.909
FLOORSMIN_MODE,3,Special,0,0.0,0,0,0.0,0.0,0.0,0.0,0.83,5.761
FLOORSMIN_MODE,4,Missing,166954,0.679,152503,14451,0.087,-0.075,0.004,0.0,0.83,5.761
LANDAREA_MODE,0,"(-inf, 0.00)",14514,0.059,13578,936,0.064,0.243,0.003,0.0,-0.259,2.479
LANDAREA_MODE,1,"[0.00, 0.02)",14189,0.058,13033,1156,0.081,-0.009,0.0,0.0,-0.259,5.884
LANDAREA_MODE,2,"[0.02, 0.04)",16349,0.066,15112,1237,0.076,0.071,0.0,0.0,-0.259,4.799
LANDAREA_MODE,3,"[0.04, 0.06)",13119,0.053,12175,944,0.072,0.125,0.001,0.0,-0.259,4.067
LANDAREA_MODE,4,"[0.06, 0.08)",13543,0.055,12618,925,0.068,0.181,0.002,0.0,-0.259,3.31
LANDAREA_MODE,5,"[0.08, 0.12)",15470,0.063,14463,1007,0.065,0.233,0.003,0.0,-0.259,2.614
LANDAREA_MODE,6,"[0.12, inf)",12695,0.052,11900,795,0.063,0.274,0.003,0.0,-0.259,2.056
LANDAREA_MODE,7,Special,0,0.0,0,0,0.0,0.0,0.0,0.0,-0.259,5.761
LANDAREA_MODE,8,Missing,146129,0.594,133253,12876,0.088,-0.095,0.006,0.001,-0.259,5.761
LIVINGAPARTMENTS_MODE,0,"(-inf, 0.04)",13304,0.054,12178,1126,0.085,-0.051,0.0,0.0,0.14,5.393
LIVINGAPARTMENTS_MODE,1,"[0.04, 0.09)",34070,0.138,31710,2360,0.069,0.166,0.004,0.0,0.14,6.971
LIVINGAPARTMENTS_MODE,2,"[0.09, 0.17)",18041,0.073,16912,1129,0.063,0.275,0.005,0.001,0.14,7.762
LIVINGAPARTMENTS_MODE,3,"[0.17, inf)",12397,0.05,11678,719,0.058,0.356,0.006,0.001,0.14,8.35
LIVINGAPARTMENTS_MODE,4,Special,0,0.0,0,0,0.0,0.0,0.0,0.0,0.14,5.761
LIVINGAPARTMENTS_MODE,5,Missing,168196,0.684,153654,14542,0.086,-0.074,0.004,0.0,0.14,5.761
LIVINGAREA_MODE,0,"(-inf, 0.03)",23291,0.095,21203,2088,0.09,-0.114,0.001,0.0,-0.209,6.999
LIVINGAREA_MODE,1,"[0.03, 0.06)",21090,0.086,19553,1537,0.073,0.112,0.001,0.0,-0.209,4.545
LIVINGAREA_MODE,2,"[0.06, 0.07)",14067,0.057,13066,1001,0.071,0.137,0.001,0.0,-0.209,4.265
LIVINGAREA_MODE,3,"[0.07, 0.14)",36361,0.148,33954,2407,0.066,0.215,0.006,0.001,-0.209,3.419
LIVINGAREA_MODE,4,"[0.14, 0.22)",13190,0.054,12433,757,0.057,0.367,0.006,0.001,-0.209,1.763
LIVINGAREA_MODE,5,"[0.22, inf)",14422,0.059,13621,801,0.056,0.402,0.008,0.001,-0.209,1.384
LIVINGAREA_MODE,6,Special,0,0.0,0,0,0.0,0.0,0.0,0.0,-0.209,5.761
LIVINGAREA_MODE,7,Missing,123587,0.502,112302,11285,0.091,-0.134,0.01,0.001,-0.209,5.761
NONLIVINGAPARTMENTS_MODE,0,"(-inf, 0.01)",58713,0.239,54640,4073,0.069,0.165,0.006,0.001,-0.214,3.923
NONLIVINGAPARTMENTS_MODE,1,"[0.01, inf)",16427,0.067,15334,1093,0.067,0.21,0.003,0.0,-0.214,3.423
NONLIVINGAPARTMENTS_MODE,2,Special,0,0.0,0,0,0.0,0.0,0.0,0.0,-0.214,5.761
NONLIVINGAPARTMENTS_MODE,3,Missing,170868,0.695,156158,14710,0.086,-0.069,0.003,0.0,-0.214,5.761
NONLIVINGAREA_MODE,0,"(-inf, 0.00)",54938,0.223,51008,3930,0.072,0.132,0.004,0.0,-1.223,-2.628
NONLIVINGAREA_MODE,1,"[0.00, 0.06)",41357,0.168,38525,2832,0.068,0.179,0.005,0.001,-1.223,-5.62
NONLIVINGAREA_MODE,2,"[0.06, inf)",13770,0.056,12934,836,0.061,0.307,0.005,0.001,-1.223,-13.813
NONLIVINGAREA_MODE,3,Special,0,0.0,0,0,0.0,0.0,0.0,0.0,-1.223,5.761
NONLIVINGAREA_MODE,4,Missing,135943,0.553,123665,12278,0.09,-0.122,0.009,0.001,-1.223,5.761
APARTMENTS_MEDI,0,"(-inf, 0.02)",15543,0.063,14115,1428,0.092,-0.141,0.001,0.0,0.441,2.532
APARTMENTS_MEDI,1,"[0.02, 0.05)",13234,0.054,12174,1060,0.08,0.009,0.0,0.0,0.441,5.977
APARTMENTS_MEDI,2,"[0.05, 0.09)",31101,0.126,28984,2117,0.068,0.185,0.004,0.001,0.441,10.012
APARTMENTS_MEDI,3,"[0.09, 0.10)",13263,0.054,12371,892,0.067,0.198,0.002,0.0,0.441,10.308
APARTMENTS_MEDI,4,"[0.10, 0.18)",26513,0.108,24796,1717,0.065,0.238,0.006,0.001,0.441,11.237
APARTMENTS_MEDI,5,"[0.18, inf)",21371,0.087,20145,1226,0.057,0.368,0.01,0.001,0.441,14.201
APARTMENTS_MEDI,6,Special,0,0.0,0,0,0.0,0.0,0.0,0.0,0.441,5.761
APARTMENTS_MEDI,7,Missing,124983,0.508,113547,11436,0.092,-0.136,0.01,0.001,0.441,5.761
BASEMENTAREA_MEDI,0,"(-inf, 0.03)",20473,0.083,18901,1572,0.077,0.055,0.0,0.0,-0.909,3.145
BASEMENTAREA_MEDI,1,"[0.03, 0.08)",36107,0.147,33491,2616,0.072,0.118,0.002,0.0,-0.909,0.174
BASEMENTAREA_MEDI,2,"[0.08, 0.13)",26621,0.108,24838,1783,0.067,0.202,0.004,0.001,-0.909,-3.824
BASEMENTAREA_MEDI,3,"[0.13, inf)",18792,0.076,17714,1078,0.057,0.368,0.009,0.001,-0.909,-11.642
BASEMENTAREA_MEDI,4,Special,0,0.0,0,0,0.0,0.0,0.0,0.0,-0.909,5.761
BASEMENTAREA_MEDI,5,Missing,144015,0.585,131188,12827,0.089,-0.107,0.007,0.001,-0.909,5.761
YEARS_BEGINEXPLUATATION_MEDI,0,"(-inf, 0.97)",16348,0.066,14981,1367,0.084,-0.037,0.0,0.0,-0.947,7.608
YEARS_BEGINEXPLUATATION_MEDI,1,"[0.97, 0.98)",16144,0.066,14899,1245,0.077,0.051,0.0,0.0,-0.947,3.268
YEARS_BEGINEXPLUATATION_MEDI,2,"[0.98, 0.98)",24288,0.099,22548,1740,0.072,0.13,0.002,0.0,-0.947,-0.659
YEARS_BEGINEXPLUATATION_MEDI,3,"[0.98, 0.98)",15379,0.063,14306,1073,0.07,0.159,0.001,0.0,-0.947,-2.062
YEARS_BEGINEXPLUATATION_MEDI,4,"[0.98, 0.99)",39634,0.161,36982,2652,0.067,0.204,0.006,0.001,-0.947,-4.277
YEARS_BEGINEXPLUATATION_MEDI,5,"[0.99, inf)",14134,0.057,13369,765,0.054,0.429,0.009,0.001,-0.947,-15.409
YEARS_BEGINEXPLUATATION_MEDI,6,Special,0,0.0,0,0,0.0,0.0,0.0,0.0,-0.947,5.761
YEARS_BEGINEXPLUATATION_MEDI,7,Missing,120081,0.488,109047,11034,0.092,-0.141,0.01,0.001,-0.947,5.761
YEARS_BUILD_MEDI,0,"(-inf, 0.69)",19395,0.079,17884,1511,0.078,0.04,0.0,0.0,0.026,5.814
YEARS_BUILD_MEDI,1,"[0.69, 0.80)",32835,0.133,30578,2257,0.069,0.175,0.004,0.0,0.026,5.994
YEARS_BUILD_MEDI,2,"[0.80, 0.85)",16954,0.069,15834,1120,0.066,0.217,0.003,0.0,0.026,6.05
YEARS_BUILD_MEDI,3,"[0.85, inf)",13141,0.053,12393,748,0.057,0.376,0.006,0.001,0.026,6.262
YEARS_BUILD_MEDI,4,Special,0,0.0,0,0,0.0,0.0,0.0,0.0,0.026,5.761
YEARS_BUILD_MEDI,5,Missing,163683,0.665,149443,14240,0.087,-0.081,0.004,0.001,0.026,5.761
COMMONAREA_MEDI,0,"(-inf, 0.00)",13931,0.057,12872,1059,0.076,0.066,0.0,0.0,-0.527,3.947
COMMONAREA_MEDI,1,"[0.00, 0.01)",12890,0.052,11945,945,0.073,0.105,0.001,0.0,-0.527,2.872
COMMONAREA_MEDI,2,"[0.01, 0.03)",20627,0.084,19207,1420,0.069,0.173,0.002,0.0,-0.527,1.013
COMMONAREA_MEDI,3,"[0.03, 0.07)",14245,0.058,13294,951,0.067,0.206,0.002,0.0,-0.527,0.11
COMMONAREA_MEDI,4,"[0.07, inf)",12386,0.05,11664,722,0.058,0.351,0.005,0.001,-0.527,-3.86
COMMONAREA_MEDI,5,Special,0,0.0,0,0,0.0,0.0,0.0,0.0,-0.527,5.761
COMMONAREA_MEDI,6,Missing,171929,0.699,157150,14779,0.086,-0.068,0.003,0.0,-0.527,5.761
ELEVATORS_MEDI,0,"(-inf, 0.01)",69494,0.282,64165,5329,0.077,0.057,0.001,0.0,-0.237,5.061
ELEVATORS_MEDI,1,"[0.01, 0.09)",13177,0.054,12346,831,0.063,0.267,0.003,0.0,-0.237,2.465
ELEVATORS_MEDI,2,"[0.09, 0.21)",16498,0.067,15547,951,0.058,0.363,0.008,0.001,-0.237,1.284
ELEVATORS_MEDI,3,"[0.21, inf)",15631,0.064,14806,825,0.053,0.456,0.011,0.001,-0.237,0.131
ELEVATORS_MEDI,4,Special,0,0.0,0,0,0.0,0.0,0.0,0.0,-0.237,5.761
ELEVATORS_MEDI,5,Missing,131208,0.533,119268,11940,0.091,-0.13,0.01,0.001,-0.237,5.761
ENTRANCES_MEDI,0,"(-inf, 0.08)",32984,0.134,30352,2632,0.08,0.014,0.0,0.0,-0.885,5.138
ENTRANCES_MEDI,1,"[0.08, 0.13)",18494,0.075,17179,1315,0.071,0.138,0.001,0.0,-0.885,-0.608
ENTRANCES_MEDI,2,"[0.13, 0.16)",29050,0.118,27094,1956,0.067,0.197,0.004,0.001,-0.885,-3.305
ENTRANCES_MEDI,3,"[0.16, 0.23)",24112,0.098,22585,1527,0.063,0.262,0.006,0.001,-0.885,-6.326
ENTRANCES_MEDI,4,"[0.23, inf)",17420,0.071,16342,1078,0.062,0.287,0.005,0.001,-0.885,-7.462
ENTRANCES_MEDI,5,Special,0,0.0,0,0,0.0,0.0,0.0,0.0,-0.885,5.761
ENTRANCES_MEDI,6,Missing,123948,0.504,112580,11368,0.092,-0.139,0.01,0.001,-0.885,5.761
FLOORSMAX_MEDI,0,"(-inf, 0.16)",25966,0.106,23658,2308,0.089,-0.104,0.001,0.0,0.104,5.197
FLOORSMAX_MEDI,1,"[0.16, 0.22)",52283,0.213,48562,3721,0.071,0.137,0.004,0.0,0.104,6.503
FLOORSMAX_MEDI,2,"[0.22, 0.36)",29264,0.119,27484,1780,0.061,0.305,0.01,0.001,0.104,7.412
FLOORSMAX_MEDI,3,"[0.36, inf)",15963,0.065,15148,815,0.051,0.491,0.013,0.002,0.104,8.414
FLOORSMAX_MEDI,4,Special,0,0.0,0,0,0.0,0.0,0.0,0.0,0.104,5.761
FLOORSMAX_MEDI,5,Missing,122532,0.498,111280,11252,0.092,-0.14,0.01,0.001,0.104,5.761
FLOORSMIN_MEDI,0,"(-inf, 0.20)",26401,0.107,24340,2061,0.078,0.037,0.0,0.0,-0.178,5.416
FLOORSMIN_MEDI,1,"[0.20, 0.22)",26966,0.11,25055,1911,0.071,0.142,0.002,0.0,-0.178,4.449
FLOORSMIN_MEDI,2,"[0.22, inf)",25687,0.104,24234,1453,0.057,0.383,0.013,0.002,-0.178,2.223
FLOORSMIN_MEDI,3,Special,0,0.0,0,0,0.0,0.0,0.0,0.0,-0.178,5.761
FLOORSMIN_MEDI,4,Missing,166954,0.679,152503,14451,0.087,-0.075,0.004,0.0,-0.178,5.761
LANDAREA_MEDI,0,"(-inf, 0.00)",13267,0.054,12403,864,0.065,0.233,0.003,0.0,-0.568,-1.122
LANDAREA_MEDI,1,"[0.00, 0.02)",17216,0.07,15819,1397,0.081,-0.005,0.0,0.0,-0.568,5.901
LANDAREA_MEDI,2,"[0.02, 0.06)",25419,0.103,23552,1867,0.073,0.103,0.001,0.0,-0.568,2.704
LANDAREA_MEDI,3,"[0.06, 0.08)",15246,0.062,14210,1036,0.068,0.187,0.002,0.0,-0.568,0.226
LANDAREA_MEDI,4,"[0.08, 0.12)",15146,0.062,14154,992,0.065,0.226,0.003,0.0,-0.568,-0.942
LANDAREA_MEDI,5,"[0.12, inf)",13585,0.055,12741,844,0.062,0.283,0.004,0.0,-0.568,-2.611
LANDAREA_MEDI,6,Special,0,0.0,0,0,0.0,0.0,0.0,0.0,-0.568,5.761
LANDAREA_MEDI,7,Missing,146129,0.594,133253,12876,0.088,-0.095,0.006,0.001,-0.568,5.761
LIVINGAPARTMENTS_MEDI,0,"(-inf, 0.04)",15308,0.062,14015,1293,0.084,-0.048,0.0,0.0,-0.435,6.857
LIVINGAPARTMENTS_MEDI,1,"[0.04, 0.09)",30392,0.124,28307,2085,0.069,0.177,0.004,0.0,-0.435,1.76
LIVINGAPARTMENTS_MEDI,2,"[0.09, 0.16)",18867,0.077,17677,1190,0.063,0.267,0.005,0.001,-0.435,-0.276
LIVINGAPARTMENTS_MEDI,3,"[0.16, inf)",13245,0.054,12479,766,0.058,0.359,0.006,0.001,-0.435,-2.365
LIVINGAPARTMENTS_MEDI,4,Special,0,0.0,0,0,0.0,0.0,0.0,0.0,-0.435,5.761
LIVINGAPARTMENTS_MEDI,5,Missing,168196,0.684,153654,14542,0.086,-0.074,0.004,0.0,-0.435,5.761
LIVINGAREA_MEDI,0,"(-inf, 0.02)",15006,0.061,13624,1382,0.092,-0.143,0.001,0.0,0.424,2.595
LIVINGAREA_MEDI,1,"[0.02, 0.04)",13443,0.055,12338,1105,0.082,-0.019,0.0,0.0,0.424,5.346
LIVINGAREA_MEDI,2,"[0.04, 0.06)",12509,0.051,11596,913,0.073,0.11,0.001,0.0,0.424,8.193
LIVINGAREA_MEDI,3,"[0.06, 0.07)",13716,0.056,12732,984,0.072,0.129,0.001,0.0,0.424,8.603
LIVINGAREA_MEDI,4,"[0.07, 0.09)",17084,0.069,15918,1166,0.068,0.182,0.002,0.0,0.424,9.788
LIVINGAREA_MEDI,5,"[0.09, 0.13)",19759,0.08,18468,1291,0.065,0.229,0.004,0.0,0.424,10.821
LIVINGAREA_MEDI,6,"[0.13, 0.19)",12301,0.05,11576,725,0.059,0.339,0.005,0.001,0.424,13.249
LIVINGAREA_MEDI,7,"[0.19, inf)",18603,0.076,17578,1025,0.055,0.41,0.011,0.001,0.424,14.827
LIVINGAREA_MEDI,8,Special,0,0.0,0,0,0.0,0.0,0.0,0.0,0.424,5.761
LIVINGAREA_MEDI,9,Missing,123587,0.502,112302,11285,0.091,-0.134,0.01,0.001,0.424,5.761
NONLIVINGAPARTMENTS_MEDI,0,"(-inf, 0.00)",57225,0.233,53260,3965,0.069,0.166,0.006,0.001,0.439,9.553
NONLIVINGAPARTMENTS_MEDI,1,"[0.00, inf)",17915,0.073,16714,1201,0.067,0.201,0.003,0.0,0.439,10.362
NONLIVINGAPARTMENTS_MEDI,2,Special,0,0.0,0,0,0.0,0.0,0.0,0.0,0.439,5.761
NONLIVINGAPARTMENTS_MEDI,3,Missing,170868,0.695,156158,14710,0.086,-0.069,0.003,0.0,0.439,5.761
NONLIVINGAREA_MEDI,0,"(-inf, 0.00)",49892,0.203,46315,3577,0.072,0.129,0.003,0.0,-0.482,2.518
NONLIVINGAREA_MEDI,1,"[0.00, 0.06)",45145,0.184,42032,3113,0.069,0.171,0.005,0.001,-0.482,1.468
NONLIVINGAREA_MEDI,2,"[0.06, inf)",15028,0.061,14120,908,0.06,0.312,0.005,0.001,-0.482,-2.074
NONLIVINGAREA_MEDI,3,Special,0,0.0,0,0,0.0,0.0,0.0,0.0,-0.482,5.761
NONLIVINGAREA_MEDI,4,Missing,135943,0.553,123665,12278,0.09,-0.122,0.009,0.001,-0.482,5.761
FONDKAPREMONT_MODE,0,['org spec account' 'reg oper spec account'],14189,0.058,13288,901,0.063,0.26,0.003,0.0,-0.166,3.521
FONDKAPREMONT_MODE,1,['reg oper account' 'not specified'],63533,0.258,59082,4451,0.07,0.154,0.006,0.001,-0.166,4.43
FONDKAPREMONT_MODE,2,Special,0,0.0,0,0,0.0,0.0,0.0,0.0,-0.166,5.761
FONDKAPREMONT_MODE,3,Missing,168286,0.684,153762,14524,0.086,-0.072,0.004,0.0,-0.166,5.761
HOUSETYPE_MODE,0,['block of flats' 'terraced house' 'specific housing'],122469,0.498,113878,8591,0.07,0.153,0.011,0.001,1.128,14.734
HOUSETYPE_MODE,1,Special,0,0.0,0,0,0.0,0.0,0.0,0.0,1.128,5.761
HOUSETYPE_MODE,2,Missing,123539,0.502,112254,11285,0.091,-0.134,0.01,0.001,1.128,5.761
TOTALAREA_MODE,0,"(-inf, 0.03)",23271,0.095,21153,2118,0.091,-0.13,0.002,0.0,-0.128,6.629
TOTALAREA_MODE,1,"[0.03, 0.06)",32478,0.132,30166,2312,0.071,0.137,0.002,0.0,-0.128,4.848
TOTALAREA_MODE,2,"[0.06, 0.09)",21989,0.089,20436,1553,0.071,0.146,0.002,0.0,-0.128,4.792
TOTALAREA_MODE,3,"[0.09, 0.15)",21502,0.087,20110,1392,0.065,0.239,0.005,0.001,-0.128,4.169
TOTALAREA_MODE,4,"[0.15, 0.22)",14527,0.059,13705,822,0.057,0.382,0.007,0.001,-0.128,3.215
TOTALAREA_MODE,5,"[0.22, inf)",13423,0.055,12698,725,0.054,0.431,0.008,0.001,-0.128,2.887
TOTALAREA_MODE,6,Special,0,0.0,0,0,0.0,0.0,0.0,0.0,-0.128,5.761
TOTALAREA_MODE,7,Missing,118818,0.483,107864,10954,0.092,-0.144,0.011,0.001,-0.128,5.761
WALLSMATERIAL_MODE,0,['Monolithic' 'Panel'],54305,0.221,50861,3444,0.063,0.261,0.013,0.002,-0.24,2.5
WALLSMATERIAL_MODE,1,"['Block' 'Stone, brick' 'Mixed' 'Others' 'Wooden']",66524,0.27,61512,5012,0.075,0.076,0.002,0.0,-0.24,4.814
WALLSMATERIAL_MODE,2,Special,0,0.0,0,0,0.0,0.0,0.0,0.0,-0.24,5.761
WALLSMATERIAL_MODE,3,Missing,125179,0.509,113759,11420,0.091,-0.133,0.01,0.001,-0.24,5.761
EMERGENCYSTATE_MODE,0,['No' 'Yes'],129317,0.526,120232,9085,0.07,0.151,0.011,0.001,-0.334,3.132
EMERGENCYSTATE_MODE,1,Special,0,0.0,0,0,0.0,0.0,0.0,0.0,-0.334,5.761
EMERGENCYSTATE_MODE,2,Missing,116691,0.474,105900,10791,0.092,-0.148,0.011,0.001,-0.334,5.761
DEF_30_CNT_SOCIAL_CIRCLE,0,"(-inf, 0.50)",217142,0.883,200245,16897,0.078,0.041,0.001,0.0,-0.486,4.728
DEF_30_CNT_SOCIAL_CIRCLE,1,"[0.50, inf)",28061,0.114,25111,2950,0.105,-0.29,0.011,0.001,-0.486,13.104
DEF_30_CNT_SOCIAL_CIRCLE,2,Special,0,0.0,0,0,0.0,0.0,0.0,0.0,-0.486,5.761
DEF_30_CNT_SOCIAL_CIRCLE,3,Missing,805,0.003,776,29,0.036,0.855,0.002,0.0,-0.486,5.761
DEF_60_CNT_SOCIAL_CIRCLE,0,"(-inf, 0.50)",224620,0.913,207018,17602,0.078,0.033,0.001,0.0,-0.228,5.368
DEF_60_CNT_SOCIAL_CIRCLE,1,"[0.50, inf)",20583,0.084,18338,2245,0.109,-0.331,0.011,0.001,-0.228,9.688
DEF_60_CNT_SOCIAL_CIRCLE,2,Special,0,0.0,0,0,0.0,0.0,0.0,0.0,-0.228,5.761
DEF_60_CNT_SOCIAL_CIRCLE,3,Missing,805,0.003,776,29,0.036,0.855,0.002,0.0,-0.228,5.761
DAYS_LAST_PHONE_CHANGE,0,"(-inf, -2467.50)",14108,0.057,13372,736,0.052,0.468,0.01,0.001,-0.19,1.142
DAYS_LAST_PHONE_CHANGE,1,"[-2467.50, -2040.50)",15101,0.061,14231,870,0.058,0.363,0.007,0.001,-0.19,2.178
DAYS_LAST_PHONE_CHANGE,2,"[-2040.50, -1794.50)",14224,0.058,13350,874,0.061,0.295,0.004,0.001,-0.19,2.854
DAYS_LAST_PHONE_CHANGE,3,"[-1794.50, -1359.50)",34534,0.14,32316,2218,0.064,0.247,0.008,0.001,-0.19,3.32
DAYS_LAST_PHONE_CHANGE,4,"[-1359.50, -1122.50)",15425,0.063,14293,1132,0.073,0.104,0.001,0.0,-0.19,4.733
DAYS_LAST_PHONE_CHANGE,5,"[-1122.50, -955.50)",12363,0.05,11364,999,0.081,-0.0,0.0,0.0,-0.19,5.762
DAYS_LAST_PHONE_CHANGE,6,"[-955.50, -743.50)",18553,0.075,16974,1579,0.085,-0.057,0.0,0.0,-0.19,6.321
DAYS_LAST_PHONE_CHANGE,7,"[-743.50, -592.50)",17390,0.071,15788,1602,0.092,-0.144,0.002,0.0,-0.19,7.178
DAYS_LAST_PHONE_CHANGE,8,"[-592.50, -347.50)",32703,0.133,29684,3019,0.092,-0.146,0.003,0.0,-0.19,7.201
DAYS_LAST_PHONE_CHANGE,9,"[-347.50, inf)",71606,0.291,64759,6847,0.096,-0.185,0.011,0.001,-0.19,7.584
DAYS_LAST_PHONE_CHANGE,10,Special,0,0.0,0,0,0.0,0.0,0.0,0.0,-0.19,5.761
DAYS_LAST_PHONE_CHANGE,11,Missing,1,0.0,1,0,0.0,0.0,0.0,0.0,-0.19,5.761
FLAG_DOCUMENT_3,0,"(-inf, 0.50)",71371,0.29,66960,4411,0.062,0.288,0.021,0.003,-0.523,-2.1
FLAG_DOCUMENT_3,1,"[0.50, inf)",174637,0.71,159172,15465,0.089,-0.1,0.007,0.001,-0.523,8.492
FLAG_DOCUMENT_3,2,Special,0,0.0,0,0,0.0,0.0,0.0,0.0,-0.523,5.761
FLAG_DOCUMENT_3,3,Missing,0,0.0,0,0,0.0,0.0,0.0,0.0,-0.523,5.761
FLAG_DOCUMENT_6,0,"(-inf, 0.50)",224353,0.912,205688,18665,0.083,-0.032,0.001,0.0,0.305,5.255
FLAG_DOCUMENT_6,1,"[0.50, inf)",21655,0.088,20444,1211,0.056,0.395,0.012,0.001,0.305,12.026
FLAG_DOCUMENT_6,2,Special,0,0.0,0,0,0.0,0.0,0.0,0.0,0.305,5.761
FLAG_DOCUMENT_6,3,Missing,0,0.0,0,0,0.0,0.0,0.0,0.0,0.305,5.761
AMT_REQ_CREDIT_BUREAU_HOUR,0,"(-inf, inf)",212797,0.865,196346,16451,0.077,0.048,0.002,0.0,-0.342,4.908
AMT_REQ_CREDIT_BUREAU_HOUR,1,Special,0,0.0,0,0,0.0,0.0,0.0,0.0,-0.342,5.761
AMT_REQ_CREDIT_BUREAU_HOUR,2,Missing,33211,0.135,29786,3425,0.103,-0.269,0.011,0.001,-0.342,5.761
AMT_REQ_CREDIT_BUREAU_DAY,0,"(-inf, inf)",212797,0.865,196346,16451,0.077,0.048,0.002,0.0,-0.342,4.908
AMT_REQ_CREDIT_BUREAU_DAY,1,Special,0,0.0,0,0,0.0,0.0,0.0,0.0,-0.342,5.761
AMT_REQ_CREDIT_BUREAU_DAY,2,Missing,33211,0.135,29786,3425,0.103,-0.269,0.011,0.001,-0.342,5.761
AMT_REQ_CREDIT_BUREAU_WEEK,0,"(-inf, inf)",212797,0.865,196346,16451,0.077,0.048,0.002,0.0,-0.342,4.908
AMT_REQ_CREDIT_BUREAU_WEEK,1,Special,0,0.0,0,0,0.0,0.0,0.0,0.0,-0.342,5.761
AMT_REQ_CREDIT_BUREAU_WEEK,2,Missing,33211,0.135,29786,3425,0.103,-0.269,0.011,0.001,-0.342,5.761
AMT_REQ_CREDIT_BUREAU_MON,0,"(-inf, 0.50)",177793,0.723,163905,13888,0.078,0.037,0.001,0.0,-0.293,5.202
AMT_REQ_CREDIT_BUREAU_MON,1,"[0.50, inf)",35004,0.142,32441,2563,0.073,0.107,0.002,0.0,-0.293,4.134
AMT_REQ_CREDIT_BUREAU_MON,2,Special,0,0.0,0,0,0.0,0.0,0.0,0.0,-0.293,5.761
AMT_REQ_CREDIT_BUREAU_MON,3,Missing,33211,0.135,29786,3425,0.103,-0.269,0.011,0.001,-0.293,5.761
AMT_REQ_CREDIT_BUREAU_QRT,0,"(-inf, 0.50)",172187,0.7,158648,13539,0.079,0.03,0.001,0.0,-0.731,4.637
AMT_REQ_CREDIT_BUREAU_QRT,1,"[0.50, 1.50)",27114,0.11,25326,1788,0.066,0.219,0.005,0.001,-0.731,-2.584
AMT_REQ_CREDIT_BUREAU_QRT,2,"[1.50, inf)",13496,0.055,12372,1124,0.083,-0.033,0.0,0.0,-0.731,7.02
AMT_REQ_CREDIT_BUREAU_QRT,3,Special,0,0.0,0,0,0.0,0.0,0.0,0.0,-0.731,5.761
AMT_REQ_CREDIT_BUREAU_QRT,4,Missing,33211,0.135,29786,3425,0.103,-0.269,0.011,0.001,-0.731,5.761
AMT_REQ_CREDIT_BUREAU_YEAR,0,"(-inf, 0.50)",57459,0.234,53332,4127,0.072,0.127,0.004,0.0,-0.378,3.255
AMT_REQ_CREDIT_BUREAU_YEAR,1,"[0.50, 1.50)",50661,0.206,46921,3740,0.074,0.098,0.002,0.0,-0.378,3.838
AMT_REQ_CREDIT_BUREAU_YEAR,2,"[1.50, 3.50)",67066,0.273,61690,5376,0.08,0.009,0.0,0.0,-0.378,5.592
AMT_REQ_CREDIT_BUREAU_YEAR,3,"[3.50, 4.50)",16600,0.067,15243,1357,0.082,-0.013,0.0,0.0,-0.378,6.012
AMT_REQ_CREDIT_BUREAU_YEAR,4,"[4.50, inf)",21011,0.085,19160,1851,0.088,-0.095,0.001,0.0,-0.378,7.62
AMT_REQ_CREDIT_BUREAU_YEAR,5,Special,0,0.0,0,0,0.0,0.0,0.0,0.0,-0.378,5.761
AMT_REQ_CREDIT_BUREAU_YEAR,6,Missing,33211,0.135,29786,3425,0.103,-0.269,0.011,0.001,-0.378,5.761
